EmployeeID,NIK,orighiredate_key,department_name,job_title,BUSINESS_UNIT
1329,1603066301670011,9/8/1989,Store Management,Store Manager,STORES
1334,3503110602610004,9/15/1989,Executive,"Exec Assistant, Finance",HEADOFFICE
1335,1220044702620010,9/16/1989,Recruitment,"Director, Recruitment",HEADOFFICE
1347,3522070403490007,9/29/1989,Meats,Meats Manager,STORES
1353,1221061303490009,10/4/1989,Store Management,Store Manager,STORES
1357,6401061403490015,10/5/1989,Legal,Corporate Lawyer,HEADOFFICE
1362,3206195803490005,10/7/1989,Meats,Meats Manager,STORES
1373,1704014404490014,10/16/1989,Accounting,"Director, Accounting",HEADOFFICE
1381,3601205704490005,10/23/1989,Recruitment,Recruiter,HEADOFFICE
1388,9104220605490004,11/2/1989,Produce,Produce Manager,STORES
1401,1807105805490016,11/8/1989,Store Management,Store Manager,STORES
1414,7210111806490001,11/24/1989,Information Technology,Systems Analyst,HEADOFFICE
1421,3204301207490017,12/7/1989,Store Management,Store Manager,STORES
1442,3207086908490018,1/1/1990,Produce,Produce Manager,STORES
1444,3314194309490008,1/4/1990,Bakery,Bakery Manager,STORES
1458,9209021110490011,1/24/1990,Labor Relations,Labor Relations Analyst,HEADOFFICE
1476,1604220711490009,2/7/1990,Store Management,Store Manager,STORES
1482,1605101611490003,2/12/1990,Produce,Produce Manager,STORES
1484,8272012211490009,2/15/1990,HR Technology,HRIS Analyst,HEADOFFICE
1495,3309194412490010,2/22/1990,Processed Foods,Processed Foods Manager,STORES
1499,7403185512490018,2/27/1990,Meats,Meat Cutter,STORES
1512,6402023012490015,3/7/1990,Meats,Meats Manager,STORES
1532,9109060202500006,3/25/1990,Dairy,Dairy Person,STORES
1533,7401184402500015,3/26/1990,Accounts Receiveable,Accounts Receiveable Clerk,HEADOFFICE
1543,1307135302500002,3/31/1990,Accounts Payable,Accounts Payable Clerk,HEADOFFICE
1553,6305070403500007,4/10/1990,Meats,Meat Cutter,STORES
1566,5311110104500013,4/25/1990,Audit,Auditor,HEADOFFICE
1567,7503044504500008,4/27/1990,Meats,Meat Cutter,STORES
1574,1205141404500004,5/2/1990,Dairy,Dairy Person,STORES
1579,1409134405500001,5/12/1990,Accounting,Accounting Clerk,HEADOFFICE
1585,7171112405500013,5/23/1990,Meats,Meat Cutter,STORES
1603,1506126106500002,6/7/1990,Store Management,Store Manager,STORES
1652,1406091110500001,8/5/1990,Meats,Meat Cutter,STORES
1670,3209132411500014,8/28/1990,Meats,Meat Cutter,STORES
1683,3317031712500002,9/9/1990,Dairy,Dairy Person,STORES
1687,7505016112500013,9/11/1990,Meats,Meats Manager,STORES
1703,6107095301510008,9/23/1990,Meats,Meats Manager,STORES
1706,7412062001510017,9/27/1990,Meats,Meat Cutter,STORES
1719,5104061102510010,10/9/1990,Bakery,Bakery Manager,STORES
1734,1506095303510006,10/25/1990,Customer Service,Customer Service Manager,STORES
1736,1706132303510003,10/30/1990,Store Management,Store Manager,STORES
1739,1808092903510007,11/2/1990,Meats,Meat Cutter,STORES
1757,6472074505510005,11/22/1990,Meats,Meat Cutter,STORES
1763,6402142105510002,11/30/1990,Produce,Produce Manager,STORES
1770,1705030506510014,12/8/1990,Dairy,Dairy Person,STORES
1783,3211074407510014,12/23/1990,Meats,Meat Cutter,STORES
1795,3506136307510016,1/2/1991,Dairy,Dairy Person,STORES
1799,7403300308510009,1/8/1991,Customer Service,Customer Service Manager,STORES
1801,3320055208510015,1/13/1991,Meats,Meats Manager,STORES
1808,9207096508510008,1/20/1991,Meats,Meat Cutter,STORES
1820,1503056509510016,2/5/1991,Meats,Meat Cutter,STORES
1830,3318091310510007,2/15/1991,Meats,Meat Cutter,STORES
1856,3306164712510006,3/16/1991,Meats,Meat Cutter,STORES
1865,6408132412510012,3/25/1991,Meats,Meat Cutter,STORES
1866,1508082512510014,3/25/1991,Meats,Meat Cutter,STORES
1871,7411084701520015,4/1/1991,Meats,Meat Cutter,STORES
1876,7409066601520011,4/11/1991,Meats,Meat Cutter,STORES
1881,3506147101520010,4/14/1991,Meats,Meat Cutter,STORES
1894,3215136802520016,4/28/1991,Meats,Meat Cutter,STORES
1927,3204444205520015,6/1/1991,Meats,Meat Cutter,STORES
1928,3517070505520012,6/2/1991,Meats,Meat Cutter,STORES
1948,6503190107520001,7/2/1991,Meats,Meat Cutter,STORES
1960,5306156607520011,7/16/1991,Meats,Meat Cutter,STORES
1961,7408112607520009,7/16/1991,Meats,Meat Cutter,STORES
1963,1708070208520004,7/19/1991,Bakery,Bakery Manager,STORES
1992,3212030809520009,8/8/1991,Produce,Produce Clerk,STORES
1993,6201051109520016,8/9/1991,Dairy,Dairy Person,STORES
1994,3206201009520017,8/9/1991,Produce,Produce Clerk,STORES
1996,3315071609520017,8/12/1991,Produce,Produce Clerk,STORES
2060,6110061402530013,10/31/1991,Produce,Produce Clerk,STORES
2077,3206165703530011,11/17/1991,Produce,Produce Clerk,STORES
2081,3507246103530003,11/19/1991,Meats,Meat Cutter,STORES
2091,1771075104530006,11/30/1991,Meats,Meat Cutter,STORES
2115,3402090706530017,12/30/1991,Produce,Produce Clerk,STORES
2145,9116123107530018,1/28/1992,Meats,Meat Cutter,STORES
2152,2171021308530009,2/3/1992,Produce,Produce Clerk,STORES
2164,5305091109530007,2/19/1992,Meats,Meat Cutter,STORES
2166,1277061809530014,2/22/1992,Meats,Meat Cutter,STORES
2172,6501056609530004,2/27/1992,Processed Foods,Processed Foods Manager,STORES
2183,1113065210530015,3/6/1992,Meats,Meat Cutter,STORES
2190,8272072210530004,3/11/1992,Meats,Meat Cutter,STORES
2202,7317075211530008,3/22/1992,Meats,Meat Cutter,STORES
2207,5301225411530013,3/24/1992,Bakery,Baker,STORES
2213,5102066511530019,3/29/1992,Bakery,Baker,STORES
2218,1409105012530016,4/6/1992,Bakery,Baker,STORES
2221,5316045312530001,4/8/1992,Bakery,Baker,STORES
2229,3507251001540003,4/23/1992,Bakery,Baker,STORES
2236,8272052901540010,5/3/1992,Meats,Meat Cutter,STORES
2237,1202033101540019,5/4/1992,Customer Service,Customer Service Manager,STORES
2238,9201440202540002,5/5/1992,Meats,Meat Cutter,STORES
2243,9108295102540017,5/9/1992,Meats,Meat Cutter,STORES
2247,9271024103540012,5/19/1992,Produce,Produce Manager,STORES
2248,7309070103540009,5/19/1992,Meats,Meat Cutter,STORES
2276,3304064105540016,6/20/1992,Bakery,Baker,STORES
2294,3174040406540004,7/8/1992,Bakery,Baker,STORES
2295,1209304806540011,7/10/1992,Meats,Meat Cutter,STORES
2299,5321081306540010,7/13/1992,Meats,Meat Cutter,STORES
2333,9102030109540005,8/24/1992,Meats,Meat Cutter,STORES
2335,6311060309540008,8/25/1992,Meats,Meat Cutter,STORES
2339,3325055609540014,9/1/1992,Meats,Meat Cutter,STORES
2344,9210186809540013,9/7/1992,Meats,Meat Cutter,STORES
2348,3502114703410006,9/12/1992,Dairy,Dairy Person,STORES
2363,6213061711540007,10/4/1992,Produce,Produce Clerk,STORES
2364,1407065711540008,10/4/1992,Meats,Meat Cutter,STORES
2371,3317140112540004,10/11/1992,Dairy,Dairy Person,STORES
2373,3204284612540016,10/14/1992,Dairy,Dairy Person,STORES
2377,7603015912540011,10/21/1992,Meats,Meat Cutter,STORES
2391,3273034101550003,10/28/1992,Meats,Meat Cutter,STORES
2395,7605056304410012,10/29/1992,Meats,Meat Cutter,STORES
2407,8103022301550017,11/8/1992,Meats,Meat Cutter,STORES
2430,1224062702550011,11/27/1992,Meats,Meat Cutter,STORES
2431,3101022702550019,11/27/1992,Meats,Meat Cutter,STORES
2438,1707071203550012,12/4/1992,Meats,Meat Cutter,STORES
2461,5105010305550019,12/31/1992,Meats,Meat Cutter,STORES
2467,1502156906410002,1/4/1993,Meats,Meat Cutter,STORES
2468,7371115205550016,1/5/1993,Meats,Meat Cutter,STORES
2470,3205091605550012,1/7/1993,Meats,Meat Cutter,STORES
2476,3273197005550015,1/14/1993,Meats,Meat Cutter,STORES
2485,1108181606550001,1/23/1993,Bakery,Baker,STORES
2486,9116046206550001,1/26/1993,Meats,Meat Cutter,STORES
2494,7317136907410001,2/3/1993,Produce,Produce Clerk,STORES
2507,7206120109550002,3/5/1993,Dairy,Dairy Person,STORES
2518,1807194310550018,3/22/1993,Meats,Meat Cutter,STORES
2524,3310194910550009,3/25/1993,Store Management,Store Manager,STORES
2526,1108015210550011,3/27/1993,Meats,Meat Cutter,STORES
2529,1116021810550005,3/30/1993,Dairy,Dairy Person,STORES
2556,1212065112550012,4/27/1993,Meats,Meat Cutter,STORES
2558,6104036210410006,4/29/1993,Meats,Meat Cutter,STORES
2565,1305176612550012,5/5/1993,Dairy,Dairy Person,STORES
2569,1203054301560015,5/9/1993,Dairy,Dairy Person,STORES
2575,6501104511410019,5/13/1993,Meats,Meat Cutter,STORES
2577,1103055001560008,5/13/1993,Meats,Meat Cutter,STORES
2578,1272064511410001,5/13/1993,Meats,Meat Cutter,STORES
2583,6171051801560014,5/17/1993,Processed Foods,Shelf Stocker,STORES
2585,7409041901560014,5/18/1993,Meats,Meat Cutter,STORES
2593,7603130402560005,5/26/1993,Meats,Meat Cutter,STORES
2605,8101176702560014,6/7/1993,Meats,Meat Cutter,STORES
2612,3602244603560011,6/11/1993,Meats,Meat Cutter,STORES
2622,5310110104560015,6/25/1993,Meats,Meat Cutter,STORES
2637,3328144205560002,7/11/1993,Meats,Meat Cutter,STORES
2640,6472040505560006,7/13/1993,Meats,Meats Manager,STORES
2644,1505055305560009,7/17/1993,Meats,Meat Cutter,STORES
2650,7603115401420003,7/22/1993,Dairy,Dairy Person,STORES
2660,6371015206560001,8/2/1993,Meats,Meat Cutter,STORES
2681,3515035702420009,8/25/1993,Dairy,Dairy Person,STORES
2697,5202046208560016,9/8/1993,Meats,Meat Cutter,STORES
2728,9109095910560018,10/9/1993,Meats,Meat Cutter,STORES
2748,3401056404420011,10/30/1993,Meats,Meat Cutter,STORES
2749,7311043011560002,10/31/1993,Meats,Meat Cutter,STORES
2751,1105070412560019,11/2/1993,Processed Foods,Shelf Stocker,STORES
2762,1207204205420003,11/7/1993,Dairy,Dairy Person,STORES
2768,6474026812560005,11/15/1993,Processed Foods,Shelf Stocker,STORES
2772,3401114101570002,11/17/1993,Meats,Meat Cutter,STORES
2794,6302217001570014,12/2/1993,Meats,Meat Cutter,STORES
2798,1310030702570013,12/7/1993,Meats,Meat Cutter,STORES
2804,3506241602570017,12/11/1993,Meats,Meat Cutter,STORES
2807,2101040103570017,12/19/1993,Processed Foods,Shelf Stocker,STORES
2812,3328071103570019,12/24/1993,Meats,Meat Cutter,STORES
2831,3671084904570009,1/8/1994,Meats,Meat Cutter,STORES
2842,3326132804570012,1/18/1994,Customer Service,Cashier,STORES
2860,6210101106570017,2/11/1994,Meats,Meat Cutter,STORES
2875,3208032706570013,2/19/1994,Meats,Meat Cutter,STORES
2907,1602115509420001,3/23/1994,Meats,Meat Cutter,STORES
2910,1572036009420015,3/28/1994,Meats,Meat Cutter,STORES
2923,7103176709570007,4/9/1994,Meats,Meat Cutter,STORES
2932,3324085210420016,4/19/1994,Meats,Meat Cutter,STORES
2933,3401104311570005,4/28/1994,Customer Service,Cashier,STORES
2934,3529020311570010,4/28/1994,Produce,Produce Clerk,STORES
2936,9125144511570010,4/29/1994,Produce,Produce Clerk,STORES
2938,1807176810420018,5/5/1994,Produce,Produce Clerk,STORES
2942,1608177010420017,5/7/1994,Dairy,Dairy Person,STORES
2945,3519092111570013,5/8/1994,Customer Service,Cashier,STORES
2950,3604176511570010,5/10/1994,Meats,Meat Cutter,STORES
2953,1672054711420006,5/15/1994,Meats,Meat Cutter,STORES
2957,1111015812570005,5/22/1994,Meats,Meat Cutter,STORES
2968,5208034601580011,6/1/1994,Customer Service,Cashier,STORES
2985,3210176601580007,6/12/1994,Meats,Meat Cutter,STORES
2991,7306035312420003,6/20/1994,Dairy,Dairy Person,STORES
2998,9210096202580008,6/26/1994,Bakery,Bakery Manager,STORES
3000,7309136112420017,6/28/1994,Meats,Meat Cutter,STORES
3008,8103037112420013,7/8/1994,Dairy,Dairy Person,STORES
3018,3209404801430016,7/16/1994,Meats,Meat Cutter,STORES
3024,7322105801430013,7/26/1994,Meats,Meat Cutter,STORES
3027,1507112704580019,7/30/1994,Produce,Produce Clerk,STORES
3036,1871085105580017,8/6/1994,Meats,Meat Cutter,STORES
3042,7203124202430014,8/10/1994,Meats,Meat Cutter,STORES
3043,7322052105580018,8/11/1994,Produce,Produce Clerk,STORES
3059,3323192506580017,8/30/1994,Meats,Meat Cutter,STORES
3063,1813080607580011,9/5/1994,Meats,Meat Cutter,STORES
3078,9204117007580005,9/17/1994,Meats,Meat Cutter,STORES
3079,1201166907580015,9/17/1994,Meats,Meat Cutter,STORES
3080,1305047007580005,9/17/1994,Meats,Meat Cutter,STORES
3089,5307100808580015,9/22/1994,Customer Service,Cashier,STORES
3094,1803161408580013,9/25/1994,Meats,Meat Cutter,STORES
3101,1273013008580007,10/4/1994,Customer Service,Cashier,STORES
3107,6107080909580014,10/9/1994,Produce,Produce Clerk,STORES
3117,1803126009580006,10/15/1994,Meats,Meat Cutter,STORES
3124,1803155310580011,10/27/1994,Produce,Produce Clerk,STORES
3132,3304022310580003,11/1/1994,Meats,Meat Cutter,STORES
3141,3212230411580017,11/7/1994,Meats,Meat Cutter,STORES
3142,3509054405430015,11/9/1994,Meats,Meat Cutter,STORES
3165,9123101412580004,11/29/1994,Produce,Produce Clerk,STORES
3167,8203225712580016,11/30/1994,Meats,Meat Cutter,STORES
3175,7371024106430012,12/7/1994,Meats,Meat Cutter,STORES
3176,7208054301590015,12/9/1994,Meats,Meat Cutter,STORES
3180,1211081301590018,12/14/1994,Dairy,Dairy Person,STORES
3203,8205081602590012,1/1/1995,Meats,Meat Cutter,STORES
3204,3207141702590005,1/2/1995,Meats,Meat Cutter,STORES
3215,7604085103590007,1/14/1995,Meats,Meat Cutter,STORES
3220,1218135507430010,1/20/1995,Meats,Meat Cutter,STORES
3228,3321100804590019,1/28/1995,Meats,Meat Cutter,STORES
3233,3325046807430014,2/2/1995,Produce,Produce Clerk,STORES
3236,9205166907430010,2/3/1995,Meats,Meat Cutter,STORES
3250,5306152205590015,2/21/1995,Meats,Meat Cutter,STORES
3254,1503016405590015,2/22/1995,Meats,Meat Cutter,STORES
3255,5321056405590014,2/22/1995,Meats,Meat Cutter,STORES
3259,3324066905590012,2/24/1995,Meats,Meat Cutter,STORES
3268,3314026708430003,3/4/1995,Dairy,Dairy Person,STORES
3269,1303095706590001,3/6/1995,Meats,Meat Cutter,STORES
3272,3525164109430016,3/9/1995,Dairy,Dairy Person,STORES
3285,9109064907590003,3/18/1995,Meats,Meat Cutter,STORES
3289,7604076307590008,3/25/1995,Meats,Meat Cutter,STORES
3291,3303112507590017,3/26/1995,Produce,Produce Clerk,STORES
3292,1304046607590004,3/27/1995,Meats,Meat Cutter,STORES
3293,9116042607590016,3/27/1995,Produce,Produce Clerk,STORES
3297,3328131008590005,4/4/1995,Bakery,Baker,STORES
3300,3207021408590004,4/6/1995,Produce,Produce Clerk,STORES
3311,3529186708590013,4/13/1995,Meats,Meat Cutter,STORES
3332,1214103009590015,5/1/1995,Meats,Meat Cutter,STORES
3340,1208035510590006,5/9/1995,Meats,Meat Cutter,STORES
3344,1115086610590008,5/14/1995,Meats,Meat Cutter,STORES
3350,3578145111430008,5/19/1995,Dairy,Dairy Person,STORES
3352,9127064811590014,5/21/1995,Produce,Produce Clerk,STORES
3353,9114310911590009,5/22/1995,Produce,Produce Clerk,STORES
3370,6110021712590003,6/11/1995,Meats,Meat Cutter,STORES
3378,3322192412590005,6/15/1995,Dairy,Dairy Person,STORES
3390,9206235301600012,6/25/1995,Meats,Meat Cutter,STORES
3401,9171037112430012,7/8/1995,Meats,Meat Cutter,STORES
3402,1305070802600007,7/9/1995,Meats,Meat Cutter,STORES
3403,3273305202600018,7/11/1995,Meats,Meat Cutter,STORES
3410,7501045501440002,7/23/1995,Meats,Meat Cutter,STORES
3425,5310030904600004,8/10/1995,Meats,Meat Cutter,STORES
3427,8108115204600011,8/11/1995,Produce,Produce Clerk,STORES
3429,7304064302440007,8/11/1995,Meats,Meat Cutter,STORES
3430,5104045404600001,8/12/1995,Meats,Meat Cutter,STORES
3435,8204304602440019,8/14/1995,Meats,Meat Cutter,STORES
3436,9103076204600001,8/16/1995,Meats,Meat Cutter,STORES
3441,1201135102440019,8/19/1995,Dairy,Dairy Person,STORES
3443,1202042804600017,8/20/1995,Produce,Produce Clerk,STORES
3453,3304205005600009,8/26/1995,Meats,Meat Cutter,STORES
3459,7502021605600001,8/29/1995,Produce,Produce Clerk,STORES
3462,9126106205600004,9/1/1995,Produce,Produce Clerk,STORES
3463,3212042405600014,9/2/1995,Bakery,Baker,STORES
3464,3507056502440015,9/2/1995,Meats,Meat Cutter,STORES
3465,7104186502440016,9/2/1995,Produce,Produce Clerk,STORES
3466,1806026405600014,9/2/1995,Produce,Produce Clerk,STORES
3470,3507234503440008,9/10/1995,Produce,Produce Clerk,STORES
3471,7207054906600013,9/11/1995,Produce,Produce Clerk,STORES
3496,5301185108600002,10/14/1995,Meats,Meat Cutter,STORES
3500,5308141508600014,10/16/1995,Produce,Produce Clerk,STORES
3509,7311066104440017,10/27/1995,Meats,Meat Cutter,STORES
3515,8109045509600003,11/2/1995,Meats,Meat Cutter,STORES
3520,1905044805440005,11/13/1995,Dairy,Dairy Person,STORES
3532,3307132710600016,11/24/1995,Produce,Produce Clerk,STORES
3537,1106187110600009,11/26/1995,Produce,Produce Clerk,STORES
3541,5204146405440014,11/29/1995,Meats,Meat Cutter,STORES
3552,3310032111600003,12/7/1995,Meats,Meat Cutter,STORES
3565,7171061512600015,12/20/1995,Meats,Meat Cutter,STORES
3566,7604131812600013,12/21/1995,Meats,Meat Cutter,STORES
3571,1605202412600005,12/24/1995,Produce,Produce Clerk,STORES
3580,6503064301610001,12/30/1995,Produce,Produce Clerk,STORES
3582,3316055801610002,1/7/1996,Produce,Produce Clerk,STORES
3585,5303124607440007,1/11/1996,Produce,Produce Clerk,STORES
3594,1309081302610005,1/20/1996,Meats,Meat Cutter,STORES
3597,1208326002610007,1/24/1996,Produce,Produce Clerk,STORES
3599,1215015907440013,1/24/1996,Produce,Produce Clerk,STORES
3600,1220022202610012,1/25/1996,Meats,Meat Cutter,STORES
3620,1221075008440016,2/15/1996,Dairy,Dairy Person,STORES
3627,5309205104610002,2/20/1996,Produce,Produce Clerk,STORES
3630,8101125904610002,2/24/1996,Produce,Produce Clerk,STORES
3636,5302054205610014,3/2/1996,Meats,Meat Cutter,STORES
3643,6112085905610016,3/11/1996,Bakery,Baker,STORES
3664,1602187009440006,4/6/1996,Dairy,Dairy Person,STORES
3667,1371115807610005,4/12/1996,Produce,Produce Clerk,STORES
3671,7211066807610008,4/17/1996,Processed Foods,Shelf Stocker,STORES
3678,8107010408610006,4/21/1996,Produce,Produce Clerk,STORES
3683,6112036110440013,4/27/1996,Meats,Meat Cutter,STORES
3686,6104086710440007,5/3/1996,Produce,Produce Clerk,STORES
3695,3318215609610010,5/13/1996,Meats,Meat Cutter,STORES
3708,3324201510610016,5/29/1996,Meats,Meat Cutter,STORES
3710,3502091810610017,5/30/1996,Produce,Produce Clerk,STORES
3711,9103146010610007,5/31/1996,Processed Foods,Shelf Stocker,STORES
3713,3318172610610009,6/3/1996,Meats,Meat Cutter,STORES
3722,3315010911610010,6/11/1996,Produce,Produce Clerk,STORES
3726,8204055511610010,6/14/1996,Meats,Meat Cutter,STORES
3731,1408011911610016,6/16/1996,Meats,Meat Cutter,STORES
3741,7314026112440004,6/27/1996,Meats,Meat Cutter,STORES
3748,3522034101620016,7/9/1996,Processed Foods,Shelf Stocker,STORES
3750,8109044201620018,7/9/1996,Produce,Produce Clerk,STORES
3754,7301065101620017,7/14/1996,Produce,Produce Clerk,STORES
3755,1107171001620012,7/14/1996,Produce,Produce Clerk,STORES
3757,3273275901620016,7/18/1996,Meats,Meat Cutter,STORES
3771,3316126201450009,7/29/1996,Produce,Produce Clerk,STORES
3776,1409042402620019,8/6/1996,Produce,Produce Clerk,STORES
3782,1407084403620003,8/11/1996,Produce,Produce Clerk,STORES
3793,7504106803620001,8/23/1996,Produce,Produce Clerk,STORES
3804,6309056802450008,9/4/1996,Meats,Meat Cutter,STORES
3815,6105065003450019,9/15/1996,Meats,Meat Cutter,STORES
3830,9211026303450009,9/28/1996,Produce,Produce Clerk,STORES
3831,1202120306620017,9/28/1996,Produce,Produce Clerk,STORES
3851,7102175904450009,10/25/1996,Meats,Meat Cutter,STORES
3854,7315116807620019,10/27/1996,Produce,Produce Clerk,STORES
3870,6107133008620001,11/13/1996,Produce,Produce Clerk,STORES
3878,9116130909620012,11/18/1996,Processed Foods,Shelf Stocker,STORES
3882,7317022109620015,11/25/1996,Processed Foods,Shelf Stocker,STORES
3888,3402082909620010,11/29/1996,Produce,Produce Clerk,STORES
3893,5108016805450009,12/3/1996,Produce,Produce Clerk,STORES
3913,7317085911620014,12/26/1996,Dairy,Dairy Person,STORES
3918,9105072711620018,12/30/1996,Produce,Produce Clerk,STORES
3928,6403135112620004,1/7/1997,Produce,Produce Clerk,STORES
3929,1901055412620016,1/8/1997,Produce,Produce Clerk,STORES
3942,3514025907450016,1/24/1997,Meats,Meat Cutter,STORES
3944,3212131701630010,1/26/1997,Produce,Produce Clerk,STORES
3957,7401075702630014,2/11/1997,Bakery,Baker,STORES
3970,5303070703630018,2/21/1997,Processed Foods,Processed Foods Manager,STORES
3971,6304034903630014,2/22/1997,Bakery,Baker,STORES
3979,1273046803630005,3/4/1997,Produce,Produce Clerk,STORES
3984,1609084704630011,3/9/1997,Produce,Produce Clerk,STORES
4003,3326101005630009,3/27/1997,Bakery,Baker,STORES
4014,5321064110450001,4/8/1997,Produce,Produce Clerk,STORES
4015,1306090506630016,4/9/1997,Produce,Produce Clerk,STORES
4020,3309081806630002,4/16/1997,Processed Foods,Shelf Stocker,STORES
4029,1501150207630001,4/24/1997,Bakery,Baker,STORES
4033,6110020807630018,4/27/1997,Processed Foods,Shelf Stocker,STORES
4037,3317121607630010,5/1/1997,Bakery,Baker,STORES
4040,5303126807630014,5/7/1997,Bakery,Baker,STORES
4050,9115091908630015,5/19/1997,Bakery,Baker,STORES
4065,1802065809630002,6/4/1997,Produce,Produce Clerk,STORES
4071,7103087009630011,6/10/1997,Bakery,Baker,STORES
4082,9113515012450007,6/17/1997,Produce,Produce Clerk,STORES
4090,1613074611630001,6/30/1997,Processed Foods,Shelf Stocker,STORES
4097,6304112111630001,7/8/1997,Bakery,Baker,STORES
4110,3209381601460013,7/24/1997,Produce,Produce Clerk,STORES
4121,5311201601640010,8/6/1997,Produce,Produce Clerk,STORES
4125,1109107101460010,8/8/1997,Produce,Produce Clerk,STORES
4126,1610106101640018,8/9/1997,Produce,Produce Clerk,STORES
4138,8106025202460005,8/20/1997,Produce,Produce Clerk,STORES
4145,3578281802640009,8/24/1997,Bakery,Baker,STORES
4150,3601242502460013,9/2/1997,Produce,Produce Clerk,STORES
4158,1219030303460017,9/8/1997,Produce,Produce Clerk,STORES
4159,1409084403460009,9/9/1997,Produce,Produce Clerk,STORES
4162,5371031203460002,9/17/1997,Produce,Produce Clerk,STORES
4167,1611102004640009,9/25/1997,Bakery,Baker,STORES
4169,7308192204640004,9/26/1997,Bakery,Baker,STORES
4174,3510017004640012,9/30/1997,Produce,Produce Clerk,STORES
4181,3316075005640006,10/5/1997,Produce,Produce Clerk,STORES
4182,6303103003460008,10/5/1997,Produce,Produce Clerk,STORES
4189,3326125605640005,10/9/1997,Bakery,Baker,STORES
4217,1213211407640016,11/9/1997,Produce,Produce Clerk,STORES
4222,1213156707640006,11/16/1997,Bakery,Baker,STORES
4224,3305083007640006,11/17/1997,Produce,Produce Clerk,STORES
4226,1204290408640014,11/20/1997,Bakery,Baker,STORES
4227,9104014608640016,11/21/1997,Bakery,Baker,STORES
4234,1801136505460006,11/30/1997,Meats,Meat Cutter,STORES
4252,5307075306460008,12/19/1997,Dairy,Dairy Person,STORES
4255,7106010910640010,12/25/1997,Produce,Produce Clerk,STORES
4257,1102015210640006,12/26/1997,Bakery,Baker,STORES
4270,3522032510640016,1/2/1998,Bakery,Baker,STORES
4271,2101124311640009,1/7/1998,Customer Service,Cashier,STORES
4297,3202121112640013,1/27/1998,Bakery,Baker,STORES
4298,3525172307460008,1/28/1998,Produce,Produce Clerk,STORES
4299,2104135212640012,1/28/1998,Produce,Produce Clerk,STORES
4304,9207136012640013,2/1/1998,Produce,Produce Clerk,STORES
4316,3326136001650009,2/17/1998,Bakery,Baker,STORES
4318,6304101908460003,2/24/1998,Produce,Produce Clerk,STORES
4322,1203291102650017,3/1/1998,Produce,Produce Clerk,STORES
4323,1374012608460003,3/3/1998,Produce,Produce Clerk,STORES
4339,5103041009460005,3/18/1998,Bakery,Baker,STORES
4340,1811025109460019,3/19/1998,Produce,Produce Clerk,STORES
4352,6472022604650012,4/9/1998,Produce,Produce Clerk,STORES
4363,3273305305650011,4/18/1998,Customer Service,Cashier,STORES
4365,7303075805650001,4/21/1998,Bakery,Baker,STORES
4369,1207096805650007,4/26/1998,Produce,Produce Clerk,STORES
4374,9123322310460012,4/30/1998,Produce,Produce Clerk,STORES
4393,3528051007650007,5/19/1998,Dairy,Dairy Person,STORES
4398,1371086407650009,5/26/1998,Customer Service,Cashier,STORES
4405,3601246707650011,5/28/1998,Dairy,Dairy Person,STORES
4412,6303062611460009,6/3/1998,Meats,Meat Cutter,STORES
4416,6105090908650016,6/4/1998,Customer Service,Cashier,STORES
4418,6202095508650012,6/7/1998,Dairy,Dairy Person,STORES
4439,7501165812460018,6/25/1998,Produce,Produce Clerk,STORES
4444,3201164210650001,7/2/1998,Customer Service,Cashier,STORES
4452,7172041010650007,7/7/1998,Customer Service,Cashier,STORES
4453,3578065110650006,7/7/1998,Produce,Produce Clerk,STORES
4454,3322031110650009,7/7/1998,Dairy,Dairy Person,STORES
4460,7202184411650018,7/20/1998,Produce,Produce Clerk,STORES
4468,1208231411650001,7/25/1998,Bakery,Baker,STORES
4470,1812046211650011,7/29/1998,Produce,Produce Clerk,STORES
4474,1309082601470005,8/3/1998,Produce,Produce Clerk,STORES
4478,3524162901470006,8/6/1998,Produce,Produce Clerk,STORES
4490,9106212812650003,8/17/1998,Produce,Produce Clerk,STORES
4499,7405166601660006,9/2/1998,Bakery,Baker,STORES
4510,7318274803470016,9/13/1998,Produce,Produce Clerk,STORES
4514,3175030903470011,9/14/1998,Meats,Meat Cutter,STORES
4520,3578104203660018,9/20/1998,Bakery,Baker,STORES
4521,1702084803660003,9/23/1998,Dairy,Dairy Person,STORES
4534,5101034704470017,10/13/1998,Meats,Meat Cutter,STORES
4551,7402025805660003,10/31/1998,Bakery,Baker,STORES
4552,2103082305660002,11/2/1998,Meats,Meat Cutter,STORES
4554,3203306405660001,11/3/1998,Bakery,Baker,STORES
4558,9102430205470004,11/7/1998,Produce,Produce Clerk,STORES
4561,5205050906660014,11/11/1998,Produce,Produce Clerk,STORES
4567,9205115305470006,11/18/1998,Produce,Produce Clerk,STORES
4574,3316051705470010,11/22/1998,Produce,Produce Clerk,STORES
4580,3505062205470006,11/27/1998,Produce,Produce Clerk,STORES
4594,1703090708660014,12/13/1998,Bakery,Baker,STORES
4596,6402105008660002,12/14/1998,Bakery,Baker,STORES
4598,7318194906470018,12/15/1998,Bakery,Baker,STORES
4604,3404141306470003,12/19/1998,Produce,Produce Clerk,STORES
4607,5303036308660010,12/21/1998,Bakery,Baker,STORES
4620,3523192509660015,1/7/1999,Bakery,Baker,STORES
4621,1275054307470018,1/8/1999,Produce,Produce Clerk,STORES
4623,6104147009660015,1/10/1999,Dairy,Dairy Person,STORES
4625,7307050310660007,1/12/1999,Bakery,Baker,STORES
4629,7310071610660016,1/18/1999,Bakery,Baker,STORES
4632,7316031507470004,1/20/1999,Produce,Produce Clerk,STORES
4637,3513051907470015,1/24/1999,Produce,Produce Clerk,STORES
4641,3212046307470001,1/28/1999,Produce,Produce Clerk,STORES
4647,3211107107470017,2/5/1999,Produce,Produce Clerk,STORES
4654,3514141212660014,2/18/1999,Processed Foods,Shelf Stocker,STORES
4655,5202041612660009,2/20/1999,Processed Foods,Shelf Stocker,STORES
4660,9171022612660004,2/25/1999,Bakery,Baker,STORES
4664,9112290901670009,3/4/1999,Produce,Produce Clerk,STORES
4665,7173016808470001,3/5/1999,Produce,Produce Clerk,STORES
4676,1501061602670019,3/24/1999,Bakery,Baker,STORES
4680,9115112602670018,3/30/1999,Processed Foods,Shelf Stocker,STORES
4682,3574014803670016,4/4/1999,Processed Foods,Shelf Stocker,STORES
4684,3274011203670015,4/6/1999,Bakery,Baker,STORES
4687,6402051603670015,4/8/1999,Bakery,Baker,STORES
4689,1805084310470010,4/10/1999,Meats,Meat Cutter,STORES
4697,3276085610470008,4/23/1999,Meats,Meat Cutter,STORES
4698,3210231904670006,4/26/1999,Produce,Produce Clerk,STORES
4699,7207062104670005,4/27/1999,Processed Foods,Shelf Stocker,STORES
4703,1809060105670008,5/2/1999,Bakery,Baker,STORES
4705,7310062710470015,5/4/1999,Produce,Produce Clerk,STORES
4722,1407040206670011,5/19/1999,Bakery,Baker,STORES
4728,5304125006670016,5/24/1999,Bakery,Baker,STORES
4732,1673036706670016,6/2/1999,Customer Service,Cashier,STORES
4740,1309081007670018,6/8/1999,Produce,Produce Clerk,STORES
4744,7103161907670016,6/13/1999,Bakery,Baker,STORES
4746,1202156307670012,6/15/1999,Bakery,Baker,STORES
4748,9206091212470007,6/19/1999,Produce,Produce Clerk,STORES
4749,8203147007670009,6/19/1999,Bakery,Baker,STORES
4754,1213170808670006,6/24/1999,Processed Foods,Shelf Stocker,STORES
4762,3215242212470018,6/29/1999,Produce,Produce Clerk,STORES
4763,9209212212470002,6/29/1999,Produce,Produce Clerk,STORES
4765,3213202512470013,7/2/1999,Produce,Produce Clerk,STORES
4781,7403170310670016,7/23/1999,Dairy,Dairy Person,STORES
4785,3326144810670007,7/26/1999,Processed Foods,Shelf Stocker,STORES
4802,5104034711670016,8/11/1999,Processed Foods,Shelf Stocker,STORES
4805,3602170502480009,8/13/1999,Bakery,Baker,STORES
4807,3521130702480003,8/15/1999,Meats,Meat Cutter,STORES
4820,3206100712670005,8/27/1999,Customer Service,Cashier,STORES
4825,3311105612670004,8/31/1999,Processed Foods,Shelf Stocker,STORES
4834,3215094401680013,9/10/1999,Processed Foods,Shelf Stocker,STORES
4842,3403075701680018,9/17/1999,Meats,Meat Cutter,STORES
4843,3329075901680002,9/18/1999,Bakery,Baker,STORES
4848,1201115703480015,9/22/1999,Produce,Produce Clerk,STORES
4850,3324130202680016,9/26/1999,Bakery,Baker,STORES
4852,3506204902680019,9/29/1999,Processed Foods,Shelf Stocker,STORES
4853,3201010902680019,9/29/1999,Bakery,Baker,STORES
4857,6202030104480004,10/7/1999,Produce,Produce Clerk,STORES
4858,3209390404480019,10/10/1999,Produce,Produce Clerk,STORES
4917,1611102606680006,12/11/1999,Bakery,Baker,STORES
4930,7403190108680009,12/30/1999,Bakery,Baker,STORES
4935,8105095108680010,1/4/2000,Customer Service,Cashier,STORES
4938,1216055408680012,1/6/2000,Produce,Produce Clerk,STORES
4966,3508192109680007,1/26/2000,Meats,Meat Cutter,STORES
4972,7604056607480017,1/31/2000,Meats,Meat Cutter,STORES
4977,6308025910680009,2/10/2000,Meats,Meat Cutter,STORES
4978,1404105910680005,2/10/2000,Meats,Meat Cutter,STORES
4979,7406102110680013,2/11/2000,Bakery,Baker,STORES
4984,9115151211680004,2/22/2000,Produce,Produce Clerk,STORES
4986,9116045711680006,2/25/2000,Bakery,Baker,STORES
4994,6210036411680017,2/29/2000,Processed Foods,Shelf Stocker,STORES
5006,5303047008480013,3/6/2000,Bakery,Baker,STORES
5009,9114195712680012,3/12/2000,Produce,Produce Clerk,STORES
5015,3526035309480003,3/20/2000,Bakery,Baker,STORES
5021,6306081709480001,3/24/2000,Bakery,Baker,STORES
5025,2171026009480006,3/27/2000,Produce,Produce Clerk,STORES
5028,7503132109480006,3/28/2000,Produce,Produce Clerk,STORES
5033,1809094302690017,4/6/2000,Customer Service,Cashier,STORES
5036,3273174802690018,4/9/2000,Bakery,Baker,STORES
5037,3315094310480010,4/9/2000,Produce,Produce Clerk,STORES
5043,3372046702690012,4/19/2000,Bakery,Baker,STORES
5044,9124310103690001,4/20/2000,Bakery,Baker,STORES
5048,3310125103690013,4/26/2000,Bakery,Baker,STORES
5049,1906011603690016,4/28/2000,Bakery,Baker,STORES
5063,7405084804690007,5/10/2000,Bakery,Baker,STORES
5074,7101316604690014,5/20/2000,Bakery,Baker,STORES
5092,3305156306690014,6/20/2000,Bakery,Baker,STORES
5095,3502075912480005,6/25/2000,Bakery,Baker,STORES
5100,8104154707690003,6/27/2000,Meats,Meat Cutter,STORES
5110,1401176107690003,7/4/2000,Bakery,Baker,STORES
5118,9116044208690003,7/11/2000,Meats,Meat Cutter,STORES
5126,1471030209690001,7/27/2000,Bakery,Baker,STORES
5127,1703140309690007,7/28/2000,Bakery,Baker,STORES
5130,3504065609690009,8/3/2000,Customer Service,Cashier,STORES
5152,7414011211690016,9/2/2000,Bakery,Baker,STORES
5156,5307205511690013,9/4/2000,Customer Service,Cashier,STORES
5158,1219086111690006,9/7/2000,Customer Service,Cashier,STORES
5173,7324016512690017,9/25/2000,Customer Service,Cashier,STORES
5178,3578140301700008,9/30/2000,Meats,Meat Cutter,STORES
5180,7208085301700010,10/5/2000,Produce,Produce Clerk,STORES
5182,3506175401700011,10/6/2000,Dairy,Dairy Person,STORES
5186,7603152601700017,10/12/2000,Bakery,Baker,STORES
5187,7302016701700015,10/13/2000,Customer Service,Cashier,STORES
5200,3211171803700008,11/8/2000,Meats,Meat Cutter,STORES
5210,1601284504700018,11/18/2000,Bakery,Baker,STORES
5221,1507090605700019,12/4/2000,Meats,Meat Cutter,STORES
5233,1771030106700017,12/18/2000,Bakery,Baker,STORES
5234,3402034906700004,12/22/2000,Customer Service,Cashier,STORES
5235,1410040906700015,12/22/2000,Meats,Meat Cutter,STORES
5238,6472062106700011,12/28/2000,Customer Service,Cashier,STORES
5255,8205061408700005,1/26/2001,Bakery,Baker,STORES
5261,3274021109700015,2/9/2001,Bakery,Baker,STORES
5268,9108266910700002,3/7/2001,Customer Service,Cashier,STORES
5271,9116091011700002,3/13/2001,Produce,Produce Clerk,STORES
5281,9206170712700017,3/27/2001,Bakery,Baker,STORES
5288,8104066712700006,4/7/2001,Dairy,Dairy Person,STORES
5306,7406014103710003,5/11/2001,Bakery,Baker,STORES
5309,1308051703710009,5/19/2001,Bakery,Baker,STORES
5314,5318012303710001,5/22/2001,Meats,Meat Cutter,STORES
5322,1509111804710012,6/5/2001,Bakery,Baker,STORES
5331,7318330805710014,6/16/2001,Dairy,Dairy Person,STORES
5338,3603277005710002,6/27/2001,Bakery,Baker,STORES
5344,7309146006710007,7/8/2001,Bakery,Baker,STORES
5345,1810096306710010,7/10/2001,Customer Service,Cashier,STORES
5346,3521106706710005,7/12/2001,Dairy,Dairy Person,STORES
5348,5201070107710019,7/14/2001,Processed Foods,Shelf Stocker,STORES
5353,7171056107710012,7/25/2001,Produce,Produce Clerk,STORES
5354,6411056307710013,7/26/2001,Customer Service,Cashier,STORES
5358,7309020408710011,8/1/2001,Bakery,Baker,STORES
5367,9107192608710007,8/13/2001,Bakery,Baker,STORES
5368,3324141009710017,8/21/2001,Bakery,Baker,STORES
5385,9209237010710013,9/16/2001,Produce,Produce Clerk,STORES
5388,7402161511710008,9/25/2001,Dairy,Dairy Person,STORES
5389,3522061711710013,9/26/2001,Customer Service,Cashier,STORES
5397,9206234212710002,10/4/2001,Produce,Produce Clerk,STORES
5403,9113240601720015,10/22/2001,Bakery,Baker,STORES
5405,1218120901720008,10/24/2001,Produce,Produce Clerk,STORES
5417,1671100502720018,11/7/2001,Produce,Produce Clerk,STORES
5432,9106052003720002,11/30/2001,Dairy,Dairy Person,STORES
5441,7318315704720011,12/14/2001,Produce,Produce Clerk,STORES
5447,1205040605720010,12/24/2001,Dairy,Dairy Person,STORES
5449,3518204805720016,12/25/2001,Produce,Produce Clerk,STORES
5451,6203150805720016,12/25/2001,Customer Service,Cashier,STORES
5460,5204171606720010,1/15/2002,Bakery,Baker,STORES
5462,6304096106720002,1/18/2002,Meats,Meat Cutter,STORES
5463,9271082606720016,1/20/2002,Customer Service,Cashier,STORES
5467,6109060607720015,1/26/2002,Customer Service,Cashier,STORES
5471,1374021307720012,1/29/2002,Dairy,Dairy Person,STORES
5475,6101100108720011,2/8/2002,Bakery,Baker,STORES
5482,6408122408720012,2/20/2002,Bakery,Baker,STORES
5496,9120074110720008,3/13/2002,Customer Service,Cashier,STORES
5515,9101161811720008,4/7/2002,Bakery,Baker,STORES
5522,3519014412720014,4/15/2002,Dairy,Dairy Person,STORES
5525,3318050612720009,4/16/2002,Customer Service,Cashier,STORES
5535,3528020501730014,5/2/2002,Dairy,Dairy Person,STORES
5543,1509020302730008,5/18/2002,Dairy,Dairy Person,STORES
5549,1301121602730017,5/24/2002,Produce,Produce Clerk,STORES
5550,2171046102730010,5/27/2002,Dairy,Dairy Person,STORES
5552,6303196802730004,5/31/2002,Dairy,Dairy Person,STORES
5555,1801145103730018,6/6/2002,Dairy,Dairy Person,STORES
5559,1804211903730001,6/10/2002,Dairy,Dairy Person,STORES
5562,7171012303730004,6/12/2002,Customer Service,Cashier,STORES
5567,6308036903730011,6/16/2002,Bakery,Baker,STORES
5574,3527011204730002,6/23/2002,Processed Foods,Shelf Stocker,STORES
5587,1214191405730006,7/10/2002,Dairy,Dairy Person,STORES
5591,3325016405730002,7/15/2002,Meats,Meat Cutter,STORES
5599,7318206006730003,7/29/2002,Bakery,Baker,STORES
5604,1376051107730010,8/10/2002,Customer Service,Cashier,STORES
5611,1701061707730005,8/13/2002,Dairy,Dairy Person,STORES
5612,1216066107730016,8/15/2002,Produce,Produce Clerk,STORES
5618,3275124408730014,8/22/2002,Bakery,Baker,STORES
5629,3506235109730012,9/11/2002,Dairy,Dairy Person,STORES
5642,3207156210730013,10/3/2002,Dairy,Dairy Person,STORES
5650,5302061811730008,10/17/2002,Dairy,Dairy Person,STORES
5656,1101115912730003,11/3/2002,Dairy,Dairy Person,STORES
5668,7603031601740002,11/17/2002,Dairy,Dairy Person,STORES
5672,3202150902740016,11/30/2002,Dairy,Dairy Person,STORES
5675,3402042002740010,12/6/2002,Dairy,Dairy Person,STORES
5676,6407056002740014,12/6/2002,Customer Service,Cashier,STORES
5677,5312122102740006,12/6/2002,Bakery,Baker,STORES
5679,9203076202740017,12/7/2002,Dairy,Dairy Person,STORES
5683,1706024903740006,12/15/2002,Dairy,Dairy Person,STORES
5690,6503066303740008,12/22/2002,Customer Service,Cashier,STORES
5694,7406194704740015,12/30/2002,Customer Service,Cashier,STORES
5695,1601140604740018,12/30/2002,Customer Service,Cashier,STORES
5697,6407050904740006,12/31/2002,Processed Foods,Shelf Stocker,STORES
5698,7403251104740008,1/1/2003,Produce,Produce Clerk,STORES
5712,1218105005740019,1/17/2003,Dairy,Dairy Person,STORES
5719,3311065206740004,2/3/2003,Produce,Produce Clerk,STORES
5727,3216072906740008,2/12/2003,Dairy,Dairy Person,STORES
5746,1106082208740011,3/12/2003,Dairy,Dairy Person,STORES
5747,3519022208740002,3/12/2003,Dairy,Dairy Person,STORES
5751,3305191109740004,3/23/2003,Dairy,Dairy Person,STORES
5776,6103130811740002,4/23/2003,Dairy,Dairy Person,STORES
5795,1611083001750011,6/5/2003,Dairy,Dairy Person,STORES
5798,1213190402750010,6/8/2003,Dairy,Dairy Person,STORES
5800,3202370602750008,6/9/2003,Dairy,Dairy Person,STORES
5806,9113281802750019,6/15/2003,Dairy,Dairy Person,STORES
5809,3209090303750010,6/22/2003,Meats,Meat Cutter,STORES
5812,3215221003750004,6/26/2003,Bakery,Baker,STORES
5815,1116066103750001,7/2/2003,Produce,Produce Clerk,STORES
5825,3374122704750013,7/21/2003,Dairy,Dairy Person,STORES
5828,7602120205750012,7/24/2003,Dairy,Dairy Person,STORES
5829,8106085105750008,7/29/2003,Produce,Produce Clerk,STORES
5831,5306062505750015,8/5/2003,Dairy,Dairy Person,STORES
5832,9210012405750014,8/5/2003,Produce,Produce Clerk,STORES
5834,1202117005750003,8/8/2003,Dairy,Dairy Person,STORES
5837,3204084906750008,8/13/2003,Bakery,Baker,STORES
5838,7317054906750015,8/13/2003,Meats,Meat Cutter,STORES
5842,3603065307750019,8/31/2003,Produce,Produce Clerk,STORES
5847,6308106507750014,9/6/2003,Bakery,Baker,STORES
5853,1402021408750016,9/17/2003,Meats,Meat Cutter,STORES
5875,1273022410750001,10/24/2003,Meats,Meat Cutter,STORES
5883,7410014212750005,11/14/2003,Meats,Meat Cutter,STORES
5898,1805230101760019,11/30/2003,Produce,Produce Clerk,STORES
5899,1409144401760013,12/1/2003,Bakery,Baker,STORES
5904,1603221601760013,12/8/2003,Dairy,Dairy Person,STORES
5910,3207180502760012,12/18/2003,Dairy,Dairy Person,STORES
5928,3312122903760015,1/15/2004,Produce,Produce Clerk,STORES
5933,1202095504760017,1/24/2004,Processed Foods,Shelf Stocker,STORES
5936,1213201904760017,1/26/2004,Produce,Produce Clerk,STORES
5959,9102435307760011,3/11/2004,Customer Service,Cashier,STORES
5962,1225012607760002,3/18/2004,Dairy,Dairy Person,STORES
5965,3328144508760016,3/23/2004,Produce,Produce Clerk,STORES
5969,1807014808760008,3/25/2004,Dairy,Dairy Person,STORES
5977,8101014809760004,4/10/2004,Dairy,Dairy Person,STORES
5980,9205045309760017,4/13/2004,Dairy,Dairy Person,STORES
5982,3514131909760010,4/16/2004,Dairy,Dairy Person,STORES
5983,7207062709760009,4/20/2004,Dairy,Dairy Person,STORES
5987,3402135210760011,4/28/2004,Bakery,Baker,STORES
5989,1206172810760014,5/6/2004,Dairy,Dairy Person,STORES
5998,3211072211760009,5/20/2004,Bakery,Baker,STORES
6010,1108210601770009,6/12/2004,Dairy,Dairy Person,STORES
6011,3513214501770003,6/12/2004,Dairy,Dairy Person,STORES
6018,7505042501770016,6/22/2004,Bakery,Baker,STORES
6034,3217080304770007,7/29/2004,Processed Foods,Shelf Stocker,STORES
6039,3323061204770017,8/3/2004,Dairy,Dairy Person,STORES
6044,1806094405770018,8/14/2004,Processed Foods,Shelf Stocker,STORES
6052,7202271305770002,8/19/2004,Dairy,Dairy Person,STORES
6071,1571010707770017,9/17/2004,Produce,Produce Clerk,STORES
6073,6111055507770010,9/21/2004,Processed Foods,Shelf Stocker,STORES
6076,3519156607770008,9/27/2004,Bakery,Baker,STORES
6080,7313035208770010,10/6/2004,Produce,Produce Clerk,STORES
6081,3404131408770009,10/7/2004,Dairy,Dairy Person,STORES
6085,1305176208770009,10/11/2004,Bakery,Baker,STORES
6086,3317052408770002,10/12/2004,Dairy,Dairy Person,STORES
6100,3326076110770007,11/12/2004,Processed Foods,Shelf Stocker,STORES
6107,7326094311770014,11/19/2004,Dairy,Dairy Person,STORES
6127,3517206712770002,12/17/2004,Processed Foods,Shelf Stocker,STORES
6159,7409031304780004,2/12/2005,Dairy,Dairy Person,STORES
6166,6103072504780017,2/18/2005,Processed Foods,Shelf Stocker,STORES
6176,3202242205780012,3/4/2005,Processed Foods,Shelf Stocker,STORES
6180,7201121006780009,3/14/2005,Bakery,Baker,STORES
6182,3175085706780013,3/18/2005,Bakery,Baker,STORES
6189,3506086806780006,3/24/2005,Bakery,Baker,STORES
6192,3273204307780009,3/27/2005,Bakery,Baker,STORES
6194,1571011107780015,3/31/2005,Bakery,Baker,STORES
6201,7315024708780002,4/14/2005,Bakery,Baker,STORES
6207,9109041508780017,4/18/2005,Dairy,Dairy Person,STORES
6218,1605141509780014,5/5/2005,Bakery,Baker,STORES
6224,7603090310780005,5/14/2005,Bakery,Baker,STORES
6247,3171060412780009,6/16/2005,Customer Service,Cashier,STORES
6249,1805271512780016,6/22/2005,Bakery,Baker,STORES
6251,1610052212780004,6/25/2005,Dairy,Dairy Person,STORES
6257,6203024501790003,7/3/2005,Processed Foods,Shelf Stocker,STORES
6261,5203085001790012,7/5/2005,Dairy,Dairy Person,STORES
6272,9108044602790013,7/20/2005,Dairy,Dairy Person,STORES
6274,6304130902790006,7/21/2005,Dairy,Dairy Person,STORES
6300,3327125304790019,8/24/2005,Dairy,Dairy Person,STORES
6305,1301136104790006,8/28/2005,Bakery,Baker,STORES
6306,1871032304790012,8/29/2005,Processed Foods,Shelf Stocker,STORES
6307,6101084205790002,9/3/2005,Dairy,Dairy Person,STORES
6312,3529061405790018,9/9/2005,Dairy,Dairy Person,STORES
6325,6472095706790012,9/27/2005,Dairy,Dairy Person,STORES
6335,3504101807790011,10/13/2005,Dairy,Dairy Person,STORES
6339,1218052407790016,10/16/2005,Processed Foods,Shelf Stocker,STORES
6341,8205062307790013,10/16/2005,Bakery,Baker,STORES
6349,3326171608790014,10/29/2005,Dairy,Dairy Person,STORES
6370,9206035910790017,12/1/2005,Dairy,Dairy Person,STORES
6373,3311012410790003,12/4/2005,Dairy,Dairy Person,STORES
6374,6213076610790015,12/5/2005,Dairy,Dairy Person,STORES
6380,1213091011790006,12/13/2005,Bakery,Baker,STORES
6381,3516155311790002,12/15/2005,Dairy,Dairy Person,STORES
6392,8201055512790005,12/31/2005,Dairy,Dairy Person,STORES
6394,7209082812790007,1/7/2006,Customer Service,Cashier,STORES
6400,3512125701800013,1/18/2006,Bakery,Baker,STORES
6402,3276056101800019,1/20/2006,Customer Service,Cashier,STORES
6405,3275070502800016,1/28/2006,Processed Foods,Shelf Stocker,STORES
6411,1111126002800013,2/5/2006,Processed Foods,Shelf Stocker,STORES
6413,3279032202800006,2/6/2006,Dairy,Dairy Person,STORES
6425,3216106703800011,2/23/2006,Bakery,Baker,STORES
6430,3273084104800012,2/26/2006,Customer Service,Cashier,STORES
6447,1206060706800012,4/2/2006,Customer Service,Cashier,STORES
6457,1216041707800014,4/23/2006,Processed Foods,Shelf Stocker,STORES
6461,3318086407800004,4/27/2006,Customer Service,Cashier,STORES
6472,3205291808800018,5/10/2006,Dairy,Dairy Person,STORES
6474,3507206408800001,5/14/2006,Customer Service,Cashier,STORES
6481,9104241809800001,5/27/2006,Dairy,Dairy Person,STORES
6482,1108266309800005,5/29/2006,Dairy,Dairy Person,STORES
6484,1302112909800005,6/2/2006,Dairy,Dairy Person,STORES
6487,3206071910800001,6/12/2006,Dairy,Dairy Person,STORES
6493,1203290511800010,6/21/2006,Processed Foods,Shelf Stocker,STORES
6494,9102444611800012,6/22/2006,Dairy,Dairy Person,STORES
6495,3306100811800015,6/23/2006,Dairy,Dairy Person,STORES
6496,3526060911800002,6/23/2006,Bakery,Baker,STORES
6501,5203135311800014,6/25/2006,Processed Foods,Shelf Stocker,STORES
6505,1610031811800018,6/28/2006,Processed Foods,Shelf Stocker,STORES
6511,6303084612800002,7/7/2006,Processed Foods,Shelf Stocker,STORES
6515,3313071812800010,7/14/2006,Dairy,Dairy Person,STORES
6523,1906034101810017,7/21/2006,Processed Foods,Shelf Stocker,STORES
6531,7306131801810012,7/30/2006,Dairy,Dairy Person,STORES
6534,7172073101810014,8/6/2006,Processed Foods,Shelf Stocker,STORES
6537,3514015002810016,8/11/2006,Bakery,Baker,STORES
6554,6110074104810008,9/7/2006,Customer Service,Cashier,STORES
6559,3512054804810017,9/11/2006,Processed Foods,Shelf Stocker,STORES
6561,7304011304810005,9/14/2006,Processed Foods,Shelf Stocker,STORES
6568,7415032104810015,9/18/2006,Processed Foods,Shelf Stocker,STORES
6587,3503065906810017,10/19/2006,Dairy,Dairy Person,STORES
6590,3522036306810014,10/21/2006,Processed Foods,Shelf Stocker,STORES
6591,3517066506810018,10/22/2006,Processed Foods,Shelf Stocker,STORES
6592,1114094107810010,10/25/2006,Dairy,Dairy Person,STORES
6598,9126076407810005,11/6/2006,Processed Foods,Shelf Stocker,STORES
6617,7208151909810019,12/7/2006,Bakery,Baker,STORES
6625,9111052010810010,12/23/2006,Dairy,Dairy Person,STORES
6627,3520092310810006,12/24/2006,Dairy,Dairy Person,STORES
6628,7326152210810012,12/24/2006,Customer Service,Cashier,STORES
6632,7301074611810016,1/1/2007,Dairy,Dairy Person,STORES
6638,3510116811810012,1/12/2007,Customer Service,Cashier,STORES
6642,1105105212810015,1/20/2007,Dairy,Dairy Person,STORES
6644,1401011712810008,1/23/2007,Customer Service,Cashier,STORES
6647,1408016612810012,1/27/2007,Processed Foods,Shelf Stocker,STORES
6650,3317105201820007,2/5/2007,Customer Service,Cashier,STORES
6653,7305085301820003,2/6/2007,Dairy,Dairy Person,STORES
6660,1272024202820009,2/16/2007,Bakery,Baker,STORES
6668,7602015602820008,2/24/2007,Customer Service,Cashier,STORES
6671,3510220303820003,3/4/2007,Dairy,Dairy Person,STORES
6694,6107175805820009,4/13/2007,Dairy,Dairy Person,STORES
6701,1276052805820013,4/18/2007,Customer Service,Cashier,STORES
6720,3604190807820012,5/10/2007,Dairy,Dairy Person,STORES
6729,1803045408820018,5/29/2007,Dairy,Dairy Person,STORES
6731,6213021608820013,5/30/2007,Dairy,Dairy Person,STORES
6732,6304132508820014,6/4/2007,Customer Service,Cashier,STORES
6737,1207254609820014,6/10/2007,Processed Foods,Shelf Stocker,STORES
6743,3328115509820006,6/15/2007,Dairy,Dairy Person,STORES
6753,7304117010820012,7/9/2007,Processed Foods,Shelf Stocker,STORES
6754,2102084111820015,7/10/2007,Processed Foods,Shelf Stocker,STORES
6757,5311075011820019,7/15/2007,Processed Foods,Shelf Stocker,STORES
6768,1273021512820010,8/2/2007,Customer Service,Cashier,STORES
6771,3201276712820013,8/9/2007,Processed Foods,Shelf Stocker,STORES
6772,7415032912820011,8/10/2007,Dairy,Dairy Person,STORES
6778,6111032201830005,8/22/2007,Customer Service,Cashier,STORES
6784,9115031102830008,9/2/2007,Dairy,Dairy Person,STORES
6791,1407181703830009,9/20/2007,Processed Foods,Shelf Stocker,STORES
6794,3316132703830005,9/25/2007,Processed Foods,Shelf Stocker,STORES
6798,7402244104830008,9/28/2007,Processed Foods,Shelf Stocker,STORES
6801,3525030704830001,10/1/2007,Processed Foods,Shelf Stocker,STORES
6803,7601081104830015,10/3/2007,Dairy,Dairy Person,STORES
6809,3209072804830014,10/12/2007,Customer Service,Cashier,STORES
6826,9114286805830006,10/28/2007,Dairy,Dairy Person,STORES
6829,6103084106830014,10/30/2007,Processed Foods,Shelf Stocker,STORES
6842,9116191207830016,11/21/2007,Customer Service,Cashier,STORES
6847,1609157007830016,11/30/2007,Processed Foods,Shelf Stocker,STORES
6851,7318024508830005,12/3/2007,Processed Foods,Shelf Stocker,STORES
6852,7171090408830017,12/3/2007,Dairy,Dairy Person,STORES
6857,9112281508830015,12/9/2007,Processed Foods,Shelf Stocker,STORES
6863,3507034709830004,12/21/2007,Processed Foods,Shelf Stocker,STORES
6865,1803182009830012,12/28/2007,Processed Foods,Shelf Stocker,STORES
6874,1305055410830006,1/9/2008,Processed Foods,Shelf Stocker,STORES
6877,9107261510830008,1/10/2008,Processed Foods,Shelf Stocker,STORES
6897,3519075212830007,2/9/2008,Dairy,Dairy Person,STORES
6899,7105215712830010,2/12/2008,Processed Foods,Shelf Stocker,STORES
6902,3516060601840013,2/23/2008,Processed Foods,Shelf Stocker,STORES
6919,3404064702840003,3/10/2008,Processed Foods,Shelf Stocker,STORES
6924,7402206602840010,3/20/2008,Dairy,Dairy Person,STORES
6925,8102196802840018,3/22/2008,Customer Service,Cashier,STORES
6935,7402322403840004,4/3/2008,Dairy,Dairy Person,STORES
6943,7406101604840007,4/15/2008,Customer Service,Cashier,STORES
6948,1201094105840007,4/23/2008,Dairy,Dairy Person,STORES
6949,3324130205840014,4/24/2008,Dairy,Dairy Person,STORES
6952,9205195505840003,5/1/2008,Dairy,Dairy Person,STORES
6955,1101066705840002,5/7/2008,Bakery,Baker,STORES
6961,3202256706840014,5/23/2008,Processed Foods,Shelf Stocker,STORES
6971,3323191607840009,6/2/2008,Processed Foods,Shelf Stocker,STORES
6973,2171015707840012,6/3/2008,Customer Service,Cashier,STORES
6978,5203042207840017,6/6/2008,Customer Service,Cashier,STORES
6980,1401092607840003,6/8/2008,Processed Foods,Shelf Stocker,STORES
6985,3307135508840012,6/18/2008,Processed Foods,Shelf Stocker,STORES
6989,9203030309840016,6/28/2008,Customer Service,Cashier,STORES
6990,6104140609840010,6/30/2008,Processed Foods,Shelf Stocker,STORES
7060,7373076403850007,10/13/2008,Dairy,Dairy Person,STORES
7065,3374130404850013,10/19/2008,Processed Foods,Shelf Stocker,STORES
7067,3172050604850005,10/20/2008,Customer Service,Cashier,STORES
7071,3529165704850018,10/26/2008,Meats,Meat Cutter,STORES
7104,9121030807850004,12/8/2008,Meats,Meat Cutter,STORES
7110,3310040708850016,12/24/2008,Meats,Meat Cutter,STORES
7115,5309166108850005,1/1/2009,Customer Service,Cashier,STORES
7117,7110072308850008,1/2/2009,Dairy,Dairy Person,STORES
7124,1104206109850019,1/17/2009,Processed Foods,Shelf Stocker,STORES
7131,1115100710850011,1/26/2009,Customer Service,Cashier,STORES
7135,7317055710850015,1/31/2009,Processed Foods,Shelf Stocker,STORES
7142,7210060111850009,2/8/2009,Customer Service,Cashier,STORES
7144,3509304311850018,2/9/2009,Dairy,Dairy Person,STORES
7149,3304031611850017,2/16/2009,Customer Service,Cashier,STORES
7151,3204266511850009,2/20/2009,Meats,Meat Cutter,STORES
7156,1706101112850011,3/1/2009,Dairy,Dairy Person,STORES
7161,3604186112850006,3/6/2009,Dairy,Dairy Person,STORES
7166,9109021201860005,3/18/2009,Customer Service,Cashier,STORES
7170,1871126001860001,3/22/2009,Processed Foods,Shelf Stocker,STORES
7171,6102166401860008,3/24/2009,Meats,Meat Cutter,STORES
7173,3471010102860003,3/28/2009,Processed Foods,Shelf Stocker,STORES
7176,3505021002860003,4/2/2009,Customer Service,Cashier,STORES
7183,1108010703860009,4/15/2009,Meats,Meat Cutter,STORES
7188,9122056803860003,4/26/2009,Processed Foods,Shelf Stocker,STORES
7197,3526125404860011,5/5/2009,Processed Foods,Shelf Stocker,STORES
7206,3202290605860012,5/17/2009,Customer Service,Cashier,STORES
7209,7108041305860003,5/21/2009,Processed Foods,Shelf Stocker,STORES
7223,9203172206860011,6/11/2009,Customer Service,Cashier,STORES
7227,3516095207860016,6/21/2009,Dairy,Dairy Person,STORES
7238,3209381308860018,7/8/2009,Dairy,Dairy Person,STORES
7249,1604254109860013,7/18/2009,Processed Foods,Shelf Stocker,STORES
7262,9109120110860004,8/3/2009,Customer Service,Cashier,STORES
7265,1311060410860001,8/5/2009,Customer Service,Cashier,STORES
7273,3601184511860011,8/22/2009,Customer Service,Cashier,STORES
7277,7408152511860004,9/1/2009,Dairy,Dairy Person,STORES
7283,5102046012860008,9/14/2009,Processed Foods,Shelf Stocker,STORES
7290,7208126712860007,9/18/2009,Processed Foods,Shelf Stocker,STORES
7319,1115090903870011,10/26/2009,Processed Foods,Shelf Stocker,STORES
7325,1305062303870003,11/2/2009,Dairy,Dairy Person,STORES
7326,9106212703870008,11/5/2009,Processed Foods,Shelf Stocker,STORES
7327,1110133103870015,11/7/2009,Customer Service,Cashier,STORES
7328,9203010504870015,11/9/2009,Customer Service,Cashier,STORES
7330,1807160604870016,11/10/2009,Produce,Produce Clerk,STORES
7335,1408091604870010,11/15/2009,Customer Service,Cashier,STORES
7346,9271103004870018,11/23/2009,Processed Foods,Shelf Stocker,STORES
7360,5306024906870016,12/14/2009,Customer Service,Cashier,STORES
7364,6210095907870010,1/4/2010,Customer Service,Cashier,STORES
7369,7405222807870013,1/9/2010,Customer Service,Cashier,STORES
7370,9103133107870013,1/10/2010,Processed Foods,Shelf Stocker,STORES
7372,3402174608870001,1/13/2010,Processed Foods,Shelf Stocker,STORES
7375,7313041308870014,1/17/2010,Produce,Produce Clerk,STORES
7378,1407055109870007,2/1/2010,Customer Service,Cashier,STORES
7379,7110065309870008,2/2/2010,Customer Service,Cashier,STORES
7381,3316066209870008,2/7/2010,Customer Service,Cashier,STORES
7390,1113015910870014,2/21/2010,Processed Foods,Shelf Stocker,STORES
7399,3601127110870005,2/28/2010,Processed Foods,Shelf Stocker,STORES
7406,2103062511870008,3/13/2010,Customer Service,Cashier,STORES
7409,3528131512870005,3/23/2010,Produce,Produce Clerk,STORES
7413,7324050501880010,4/4/2010,Customer Service,Cashier,STORES
7416,1805271401880009,4/8/2010,Customer Service,Cashier,STORES
7418,1805085801880018,4/10/2010,Customer Service,Cashier,STORES
7430,3518161402880007,4/25/2010,Customer Service,Cashier,STORES
7439,3602091603880008,5/11/2010,Customer Service,Cashier,STORES
7443,5103036303880005,5/14/2010,Customer Service,Cashier,STORES
7458,3209286604880005,6/1/2010,Customer Service,Cashier,STORES
7466,1404035505880004,6/11/2010,Customer Service,Cashier,STORES
7470,6205050106880013,6/20/2010,Processed Foods,Shelf Stocker,STORES
7479,1310055506880003,6/28/2010,Customer Service,Cashier,STORES
7480,7101345806880016,6/29/2010,Processed Foods,Shelf Stocker,STORES
7487,1103035207880005,7/12/2010,Customer Service,Cashier,STORES
7495,1106182307880009,7/18/2010,Customer Service,Cashier,STORES
7506,6309115208880006,7/28/2010,Processed Foods,Shelf Stocker,STORES
7516,7316030309880012,8/9/2010,Customer Service,Cashier,STORES
7520,1701104909880007,8/12/2010,Bakery,Baker,STORES
7526,3505096309880011,8/19/2010,Bakery,Baker,STORES
7527,1508086609880014,8/21/2010,Processed Foods,Shelf Stocker,STORES
7530,9201514610880018,8/26/2010,Customer Service,Cashier,STORES
7531,1501190910880009,8/28/2010,Processed Foods,Shelf Stocker,STORES
7546,1210201411880015,9/16/2010,Dairy,Dairy Person,STORES
7550,3319012211880018,9/20/2010,Customer Service,Cashier,STORES
7551,1703122111880007,9/20/2010,Customer Service,Cashier,STORES
7567,3505055601890019,10/19/2010,Customer Service,Cashier,STORES
7582,3672060903890016,11/16/2010,Processed Foods,Shelf Stocker,STORES
7584,1372011403890007,11/19/2010,Customer Service,Cashier,STORES
7588,8208061903890011,11/21/2010,Processed Foods,Shelf Stocker,STORES
7596,3202270204890014,11/29/2010,Bakery,Baker,STORES
7597,3201355104890007,12/4/2010,Customer Service,Cashier,STORES
7610,3175085505890009,12/21/2010,Dairy,Dairy Person,STORES
7611,3273116005890019,12/24/2010,Customer Service,Cashier,STORES
7613,6106096205890015,12/25/2010,Customer Service,Cashier,STORES
7624,3508076706890014,1/13/2011,Customer Service,Cashier,STORES
7633,7101196307890012,1/27/2011,Processed Foods,Shelf Stocker,STORES
7637,7407013107890004,1/31/2011,Customer Service,Cashier,STORES
7644,3218051808890007,2/10/2011,Bakery,Baker,STORES
7650,5306176608890011,2/14/2011,Customer Service,Cashier,STORES
7653,3307105009890002,2/22/2011,Customer Service,Cashier,STORES
7667,3326051510890013,3/12/2011,Dairy,Dairy Person,STORES
7676,5308207110890013,3/21/2011,Customer Service,Cashier,STORES
7691,1604075112890013,4/11/2011,Customer Service,Cashier,STORES
7692,3515061212890013,4/12/2011,Dairy,Dairy Person,STORES
7698,3272056812890001,4/20/2011,Dairy,Dairy Person,STORES
7706,1609181401900016,4/29/2011,Dairy,Dairy Person,STORES
7711,9112176301900013,5/4/2011,Dairy,Dairy Person,STORES
7717,1671014302900016,5/10/2011,Customer Service,Cashier,STORES
7719,7403270702900005,5/12/2011,Customer Service,Cashier,STORES
7722,9102485602900019,5/17/2011,Customer Service,Cashier,STORES
7737,3520050404900001,6/11/2011,Customer Service,Cashier,STORES
7743,3325031304900001,6/15/2011,Processed Foods,Shelf Stocker,STORES
7746,1606091404900010,6/16/2011,Dairy,Dairy Person,STORES
7751,1219096904900007,6/24/2011,Dairy,Dairy Person,STORES
7752,1216066904900004,6/24/2011,Customer Service,Cashier,STORES
7758,3506265605900002,7/3/2011,Bakery,Baker,STORES
7759,9114295905900008,7/4/2011,Customer Service,Cashier,STORES
7770,1114040407900012,7/29/2011,Customer Service,Cashier,STORES
7775,9113205307900008,8/2/2011,Customer Service,Cashier,STORES
7779,3404022307900005,8/8/2011,Processed Foods,Shelf Stocker,STORES
7799,3204340810900019,9/17/2011,Customer Service,Cashier,STORES
7806,8272084511900018,10/2/2011,Customer Service,Cashier,STORES
7813,1401112411900010,10/12/2011,Customer Service,Cashier,STORES
7817,3514100312900016,10/17/2011,Dairy,Dairy Person,STORES
7819,3505150512900005,10/18/2011,Customer Service,Cashier,STORES
7831,3206366701910004,11/15/2011,Dairy,Dairy Person,STORES
7833,1806150802910014,11/21/2011,Customer Service,Cashier,STORES
7838,3209325602910004,11/25/2011,Processed Foods,Shelf Stocker,STORES
7843,5272051702910017,11/26/2011,Processed Foods,Shelf Stocker,STORES
7845,5301221902910011,11/27/2011,Customer Service,Cashier,STORES
7848,9209040703910007,12/6/2011,Customer Service,Cashier,STORES
7852,3316066803910018,12/17/2011,Customer Service,Cashier,STORES
7853,3309124104910015,12/19/2011,Customer Service,Cashier,STORES
7856,6301015004910017,12/23/2011,Dairy,Dairy Person,STORES
7883,1201162406910001,2/1/2012,Processed Foods,Shelf Stocker,STORES
7890,1601300607910014,2/7/2012,Processed Foods,Shelf Stocker,STORES
7896,1503081207910011,2/11/2012,Processed Foods,Shelf Stocker,STORES
7902,3404100408910004,2/23/2012,Customer Service,Cashier,STORES
7903,3325134608910014,2/24/2012,Customer Service,Cashier,STORES
7913,1707110309910009,3/10/2012,Processed Foods,Shelf Stocker,STORES
7928,9207100710910005,3/28/2012,Customer Service,Cashier,STORES
7933,5302231910910006,4/3/2012,Processed Foods,Shelf Stocker,STORES
7936,6110022110910007,4/4/2012,Customer Service,Cashier,STORES
7945,1272052311910017,4/21/2012,Customer Service,Cashier,STORES
7950,3515010212910005,4/26/2012,Customer Service,Cashier,STORES
7954,3211094912910010,4/30/2012,Processed Foods,Shelf Stocker,STORES
7955,2105031112910001,5/1/2012,Customer Service,Cashier,STORES
7966,1278015701920016,5/20/2012,Dairy,Dairy Person,STORES
7968,3316141901920002,5/21/2012,Processed Foods,Shelf Stocker,STORES
7976,1106176402920005,6/9/2012,Customer Service,Cashier,STORES
7977,9117132702920018,6/11/2012,Customer Service,Cashier,STORES
7980,7407014303920004,6/13/2012,Customer Service,Cashier,STORES
7981,1272010203920016,6/13/2012,Processed Foods,Shelf Stocker,STORES
8008,3215131505920013,7/22/2012,Customer Service,Cashier,STORES
8013,7404272605920001,7/28/2012,Customer Service,Cashier,STORES
8014,1501086705920002,7/28/2012,Customer Service,Cashier,STORES
8032,3516096507920012,8/28/2012,Customer Service,Cashier,STORES
8042,3511081608920007,9/9/2012,Customer Service,Cashier,STORES
8043,7102146608920011,9/14/2012,Customer Service,Cashier,STORES
8044,5305122908920016,9/16/2012,Customer Service,Cashier,STORES
8052,6202097009920015,10/3/2012,Customer Service,Cashier,STORES
8067,5317030411920003,10/21/2012,Customer Service,Cashier,STORES
8074,1271123011920018,11/4/2012,Customer Service,Cashier,STORES
8091,7403170601930006,11/23/2012,Customer Service,Cashier,STORES
8108,5206084503930005,12/24/2012,Customer Service,Cashier,STORES
8113,7407051603930006,12/30/2012,Customer Service,Cashier,STORES
8120,3507152003930006,1/1/2013,Customer Service,Cashier,STORES
8122,9102422603930001,1/5/2013,Customer Service,Cashier,STORES
8131,3211196104930013,1/18/2013,Customer Service,Cashier,STORES
8148,3506053005930001,2/8/2013,Customer Service,Cashier,STORES
8151,1302185006930002,2/14/2013,Customer Service,Cashier,STORES
8153,7204081506930001,2/16/2013,Customer Service,Cashier,STORES
8156,5308022206930003,2/20/2013,Customer Service,Cashier,STORES
8159,6209082906930013,2/24/2013,Customer Service,Cashier,STORES
8168,7604011308930003,3/20/2013,Customer Service,Cashier,STORES
8169,9107275508930008,3/21/2013,Customer Service,Cashier,STORES
8175,8208010509930010,4/1/2013,Customer Service,Cashier,STORES
8176,3208120709930013,4/2/2013,Customer Service,Cashier,STORES
8178,3275075009930014,4/3/2013,Customer Service,Cashier,STORES
8179,3513031109930008,4/4/2013,Customer Service,Cashier,STORES
8186,3207041410930017,4/21/2013,Customer Service,Cashier,STORES
8187,3208285710930004,4/23/2013,Customer Service,Cashier,STORES
8188,3514026210930001,4/25/2013,Customer Service,Cashier,STORES
8204,1108266811930006,5/15/2013,Customer Service,Cashier,STORES
8216,1402051201940017,6/8/2013,Customer Service,Cashier,STORES
8221,5203046801940019,6/16/2013,Customer Service,Cashier,STORES
8224,8107075402940001,6/25/2013,Customer Service,Cashier,STORES
8226,7326015602940015,6/26/2013,Customer Service,Cashier,STORES
8227,5202031802940007,6/27/2013,Customer Service,Cashier,STORES
8231,1220010103940009,7/3/2013,Customer Service,Cashier,STORES
8241,3209382603940011,7/16/2013,Customer Service,Cashier,STORES
8243,7201230104940008,7/19/2013,Customer Service,Cashier,STORES
8257,9115142505940009,8/17/2013,Customer Service,Cashier,STORES
8272,1301084207940009,9/6/2013,Customer Service,Cashier,STORES
8282,2102034708940003,9/25/2013,Customer Service,Cashier,STORES
8293,5314050309940001,10/9/2013,Customer Service,Cashier,STORES
8298,3320144909940012,10/13/2013,Customer Service,Cashier,STORES
8303,5302240710940007,10/27/2013,Customer Service,Cashier,STORES
8316,3578041911940002,11/19/2013,Customer Service,Cashier,STORES
8323,3525064612940017,11/28/2013,Customer Service,Cashier,STORES
8328,5310145112940007,12/1/2013,Customer Service,Cashier,STORES
